,insulin_factor,level_change_mean,level_change_std,slope_change_mean,slope_change_std,num_events
0,0.8,-25.21437229437227,48.92456978688636,0.36131601731601365,0.9137520464662313,5
1,0.9,-21.385281385281377,48.92056833617338,0.2818008658008632,0.9139185081823163,5
2,1.0,-14.678787878787873,47.81227723412753,0.13890909090908937,0.9078381754108229,5
3,1.1,-11.005541125541122,49.001902990902465,0.05412987012986954,0.9147077653048428,5
4,1.2,-8.477402597402598,50.36060004004734,0.002043290043289847,0.9433098853776437,5
